セリフ,ChracterName,BlockName,FileName
"ったく、砂漠の次は雪国かよ。
今度は凍えながら仕事しろってことだな。",Hero,HeadToSnowCountry,Hero_normal_normal
ふふ。ガドなら、このくらいの寒さは平気だろう？,Axis,HeadToSnowCountry,Axis_normal_normal
アノンと同じこと言うなって。,Hero,HeadToSnowCountry,Hero_normal_normal
ふふ。お二人、本当に仲がいいんですね。,Heroin,HeadToSnowCountry,Heroin_flexible_smile
まあ、付き合いだけは長いからな。嫌でも慣れるってもんだ。,Hero,HeadToSnowCountry,Hero_normal_normal
それはお互い様だね。,Axis,HeadToSnowCountry,Axis_normal_normal
あの、雪の村って、どんなところなんですか？,Heroin,HeadToSnowCountry,Heroin_flexible_normal
"山の麓にある、小さな村だよ。
普段は王都とも定期的に物資のやり取りを
しているんだけどね。",Axis,HeadToSnowCountry,Axis_normal_normal
"今回は、その村から届くはずの荷物が
急に途絶えてしまった。
それで、僕たちが様子を見に行くことになったんだ",Axis,HeadToSnowCountry,Axis_normal_normal
"多少の遅れなら珍しくもねぇんだけどな。
何の連絡もなしにぱったり止まるってのは、
ちょっと気になるなぁ。",Hero,HeadToSnowCountry,Hero_normal_normal
やっぱり、何かあったんでしょうか。,Heroin,HeadToSnowCountry,Heroin_flexible_troubled
"まだ何とも言えないね。
だからこそ、直接確かめに行く必要がある。",Axis,HeadToSnowCountry,Axis_normal_normal
"そうですよね。
行ってみないと、何も分からないですもんね。",Heroin,HeadToSnowCountry,Heroin_flexible_normal
"ま、何があったとしても俺たちに任せとけ。
さっさと仕事を片づけて、こんな寒いところから帰ろうぜ。",Hero,HeadToSnowCountry,Hero_normal_smile
ふふ。はい、そうですね。,Heroin,HeadToSnowCountry,Heroin_flexible_smile
それじゃあ、まずは雪の村まで無事にたどり着こうか。,Axis,HeadToSnowCountry,Axis_normal_normal
"どうやら、馬車で進めるのはここまでみたいだね。
村までは、ここから歩いていかないといけないようだ。",Axis,HeadToSnowCountry,Axis_normal_normal
もうすぐそこなんですよね。,Heroin,HeadToSnowCountry,Heroin_flexible_normal
ああ。村までは、それほど遠くないよ。,Axis,HeadToSnowCountry,Axis_normal_normal
ああそう、僕はここにいることにするよ。,Axis,HeadToSnowCountry,Axis_normal_normal
は？ すぐそこなんだから、一緒に来りゃいいだろ。,Hero,HeadToSnowCountry,Hero_normal_normal
"いや、だって寒……馬車を見ておかないとね。
何かあってからでは遅いから。",Axis,HeadToSnowCountry,Axis_normal_normal
おい、今「寒い」って言いかけただろ。,Hero,HeadToSnowCountry,Hero_normal_surprised
ふふ。気のせいじゃないかな。,Axis,HeadToSnowCountry,Axis_normal_normal
ったく。自分だけ動かずに残りやがって。,Hero,HeadToSnowCountry,Hero_normal_normal
まあいい。ノエリ、行こうぜ。,Hero,HeadToSnowCountry,Hero_normal_normal
はい。行きましょう、ガドさん。,Heroin,HeadToSnowCountry,Heroin_flexible_normal
ここが、雪の村なんですね。,Heroin,EnterSnowVillage,Heroin_flexible_normal
"ああ。村長は一番大きい家にいるらしい。
まずはそこへ行こうぜ。",Hero,EnterSnowVillage,Hero_normal_normal
"やっぱり駄目です。
村の周りには、動物が一匹も見当たりません。",SnowVillageMan1,FirstTalkedToVillageChief,
そうか……。やはり、今日も駄目じゃったか。,SnowVillageOldMan1,FirstTalkedToVillageChief,
"一応、もう一度遠くまで探してきます。
何か分かったらすぐに戻ります。",SnowVillageMan1,FirstTalkedToVillageChief,
ああ。だが、あまり無理はするでないぞ。,SnowVillageOldMan1,FirstTalkedToVillageChief,
分かりました。,SnowVillageMan1,FirstTalkedToVillageChief,
"ずいぶん困ってるみてぇだな。
ちょっと話を聞いてもいいか？",Hero,FirstTalkedToVillageChief,Hero_normal_normal
"おや、その格好……ギルドの方じゃな。
わざわざ来てもらったところ申し訳ないが、
納品については、もう少し待ってもらえんかのう。",SnowVillageOldMan1,FirstTalkedToVillageChief,
やっぱり、何かあったのか？,Hero,FirstTalkedToVillageChief,Hero_normal_thinking
"ここ最近、村の周りの木が次々と切り倒されておってな。
外に置いていた食材まで、ひどく荒らされてしまったんじゃ。",SnowVillageOldMan1,FirstTalkedToVillageChief,
"それだけではない。村の近くにいた獣たちも、
何かに怯えるように姿を消してしもうてな。
今では狩りにも出られん有様じゃ。",SnowVillageOldMan1,FirstTalkedToVillageChief,
"そこまで派手にやられてるなら、
何が原因かくらいすぐ分かりそうなもんだけどな。",Hero,FirstTalkedToVillageChief,Hero_normal_thinking
"それがのう、実際に何かが壊しているところを見た者は、
一人もおらんのじゃ。",SnowVillageOldMan1,FirstTalkedToVillageChief,
"大きな音がして、すぐに駆けつけても、そこには誰もおらん。
残っているのは、壊された木や食材ばかりでな。",SnowVillageOldMan1,FirstTalkedToVillageChief,
……なるほどな。思ってたより厄介そうだ。,Hero,FirstTalkedToVillageChief,Hero_normal_thinking
ガドさん、私たちでも調べてみませんか？,Heroin,FirstTalkedToVillageChief,Heroin_flexible_troubled
"ああ。そのために来たんだしな。
俺たちで一度、村の周りを見てみよう。",Hero,FirstTalkedToVillageChief,Hero_normal_normal
爺さん、ほかに何か気になってることはないか？,Hero,FirstTalkedToVillageChief,Hero_normal_normal
そうじゃな……。一つ、少し気になっていることがある。,SnowVillageOldMan1,FirstTalkedToVillageChief,
何ですか？,Heroin,FirstTalkedToVillageChief,Heroin_flexible_normal
"村から洞窟を抜けた先に、古い塔があるんじゃが、
最近そこに何者かが住み着いたようでな。",SnowVillageOldMan1,FirstTalkedToVillageChief,
"今回のことと関係があるかは分からんが、
以前は誰も使っておらん場所じゃった。
それだけに、どうにも気になっておるんじゃ。",SnowVillageOldMan1,FirstTalkedToVillageChief,
"分かりました。
私たちで、その塔についても調べてみます。",Heroin,FirstTalkedToVillageChief,Heroin_flexible_normal
すまんのう。助かる。,SnowVillageOldMan1,FirstTalkedToVillageChief,
"このまま獣が戻らず、食べ物まで荒らされ続ければ、
いずれ村の者たちが飢えてしまう。",SnowVillageOldMan1,FirstTalkedToVillageChief,
"そうなる前に、何とかせねばならんのじゃ。
どうか、よろしく頼む。",SnowVillageOldMan1,FirstTalkedToVillageChief,
さて、まずは近くのやつから話を聞いてみるか。,Hero,FirstMetBoy,Hero_normal_thinking
おーい、そこの坊主。ちょっといいか？,Hero,FirstMetBoy,Hero_normal_normal
ん？　なに？,SnowVillageBoy2,FirstMetBoy,
"この辺で妙なことが起きてるらしいんだが、
何か知らねぇか？",Hero,FirstMetBoy,Hero_normal_normal
妙なこと？,SnowVillageBoy2,FirstMetBoy,
"木が切り倒されたり、
食べ物が荒らされたりしてるって話だ。",Hero,FirstMetBoy,Hero_normal_normal
"ああ、それなら友達も言ってたよ。
最近、外がちょっと変だって。",SnowVillageBoy2,FirstMetBoy,
それと、村の外れにある塔についても聞きたくてな。,Hero,FirstMetBoy,Hero_normal_normal
塔……？,SnowVillageBoy2,FirstMetBoy,
ああ。最近、何かが住み着いたって聞いたんだが。,Hero,FirstMetBoy,Hero_normal_normal
えっと、その塔なら……僕、よく知らないよ。,SnowVillageBoy2,FirstMetBoy,
あの、もし何か知ってたら、教えてくれない？,Heroin,FirstMetBoy,Heroin_flexible_normal
し、知らないって。僕、もう行かなきゃ。,SnowVillageBoy2,FirstMetBoy,
おい、ちょっと待てって。,Hero,FirstMetBoy,Hero_normal_surprised
……なんだ、あいつ。,Hero,FirstMetBoy,Hero_normal_normal
ずいぶん慌ててましたね。,Heroin,FirstMetBoy,Heroin_flexible_normal
"まあ、どうせ子供のことだ。
深く考えても仕方ねぇだろ。",Hero,FirstMetBoy,Hero_normal_normal
とりあえず、塔があるっていう方へ行ってみようぜ。,Hero,FirstMetBoy,Hero_normal_normal
あれ、こんなところに何だろう……。,Heroin,DiscoveredParkEntrance,Heroin_flexible_normal
あの……ここって、どういう場所なんですか？,Heroin,FirstTalkedToFrogShopManager,Heroin_flexible_normal
"俺が品を置いている場所だ。
必要なものがあるなら見ていくといい。",???,FirstTalkedToFrogShopManager,
じゃあ、お店なんですね。,Heroin,FirstTalkedToFrogShopManager,Heroin_flexible_normal
そういうことになるな。,???,FirstTalkedToFrogShopManager,
あっ、私はノエリです。あなたは……？,Heroin,FirstTalkedToFrogShopManager,Heroin_flexible_normal
ドウェルだ。ここで品を売っている。,FrogShopManager,FirstTalkedToFrogShopManager,FrogShopManager_normal_normal
あっ、さっきの男の子……！,Heroin,ReachedTowerEntrance,Heroin_flexible_normal
おいおい。あいつ、こんなところまで来てたのか。,Hero,ReachedTowerEntrance,Hero_normal_surprised
でも、扉が閉まっちゃいました。,Heroin,ReachedTowerEntrance,Heroin_flexible_normal
"こっちは通してくれねぇってわけか。
ずいぶん歓迎されてねぇみたいだな。",Hero,ReachedTowerEntrance,Hero_normal_normal
どうしましょう、ガドさん。,Heroin,ReachedTowerEntrance,Heroin_flexible_troubled
"仕方ねぇ。塔を登りながら、
向こう側へ行く方法を探してみようぜ。",Hero,ReachedTowerEntrance,Hero_normal_normal
あれ、これ……入口にあったクリスタルと同じですよね。,Heroin,ReachedTowerLanding2,Heroin_flexible_normal
ああ。たぶん、移動用のクリスタルだな。ただ、俺たちじゃ使えねぇ。,Hero,ReachedTowerLanding2,Hero_normal_normal
使えないんですか？,Heroin,ReachedTowerLanding2,Heroin_flexible_normal
こういうのは体内の魔力量が関係してるらしい。詳しいことまでは知らねぇけどな。,Hero,ReachedTowerLanding2,Hero_normal_thinking
ここは任せた。俺は別の場所を探してくる。,Hero,ReachedTowerLanding2,Hero_normal_normal
"前方に不明な反応を検知しました。
ノエリ、この先は警戒して進んでください。",Fabo,ReachedTowerHallEntrance,
さっきの男の子、どこまで行ったんだろう。,Heroin,ApothecaryAppear,Heroin_flexible_normal
この先にいるのかな……。,Heroin,ApothecaryAppear,Heroin_flexible_normal
そこまで。,???,ApothecaryAppear,
えっ……？,Heroin,ApothecaryAppear,Heroin_flexible_troubled
それ以上、進まないで。,???,ApothecaryAppear,
えっ、だ、誰ですか？,Heroin,ApothecaryAppear,Heroin_flexible_surprised
あなたに名乗る必要はない。今すぐここから出て。,???,ApothecaryAppear,
"待ってください。
私たちは、村で起きていることを調べに来ただけで――。",Heroin,ApothecaryAppear,Heroin_flexible_anxious
聞く必要はない。,???,ApothecaryAppear,
えっ？,Heroin,ApothecaryAppear,Heroin_flexible_troubled
警告はした。出ていかないなら、力ずくで退かせる。,???,ApothecaryAppear,
ちょ、ちょっと待ってください！,Heroin,ApothecaryAppear,Heroin_flexible_anxious
悪いけど、ここから先には行かせない。,???,ApothecaryAppear,
まだ終わってない。ここから出て。,???,ApothecaryDefeat,
ま、待ってください。私たちはもう戦うつもりは――。,Heroin,ApothecaryDefeat,Heroin_flexible_troubled
待って、お姉ちゃんをいじめないで。,SnowVillageBoy2,ApothecaryDefeat,
……あなた、どうしてここに。,Apothecary,ApothecaryDefeat,Apothecary_normal_normal
だって、すごい音がしたから。,SnowVillageBoy2,ApothecaryDefeat,
おーい、ノエリ！ 無事か？,Hero,ApothecaryDefeat,Hero_normal_normal
"おいおい、なんだこの状況。
ずいぶん派手にやったみてぇだな。",Hero,ApothecaryDefeat,Hero_normal_surprised
"この子から、怪しい人たちに塔のことを聞かれたって聞いた。
だから、侵入者だと思った。それだけ。",Apothecary,ApothecaryDefeat,Apothecary_normal_normal
"なるほどな。
でも、それだけでいきなり襲うのは、
ちょっと早とちりじゃねぇか？",Hero,ApothecaryDefeat,Hero_normal_normal
"……そうかもしれない。
でも、ここに近づく人間は警戒してる。",Apothecary,ApothecaryDefeat,Apothecary_normal_normal
まあ、気持ちは分からなくもねぇけどな。,Hero,ApothecaryDefeat,Hero_normal_normal
"そういえば、まだ名乗ってなかった。
私はメルサ。ここで薬の研究をしてる。",Apothecary,ApothecaryDefeat,Apothecary_normal_normal
私はノエリです。改めて、よろしくお願いします。,Heroin,ApothecaryDefeat,Heroin_flexible_normal
"俺はガド。ギルドでガードをしてる。
まあ、よろしくな。",Hero,ApothecaryDefeat,Hero_normal_normal
……よろしく。,Apothecary,ApothecaryDefeat,Apothecary_normal_normal
あっ、そういえば、どうしてあの時、急に行っちゃったの？,Heroin,ApothecaryDefeat,Heroin_flexible_normal
"村の大人たち、この塔に住んでるお姉ちゃんのこと、
とっても怖がってるんだ。",SnowVillageBoy2,ApothecaryDefeat,
"だから、塔のことを話したら、
もうここに来ちゃだめって言われると思って。",SnowVillageBoy2,ApothecaryDefeat,
……怖がられてる？,Apothecary,ApothecaryDefeat,Apothecary_normal_normal
"まあ、傍から見りゃ、外れの塔に一人で住んでるんだ。
怪しく見えても仕方ねぇんじゃないか？",Hero,ApothecaryDefeat,Hero_normal_thinking
……言い方が気に入らない。,Apothecary,ApothecaryDefeat,Apothecary_normal_normal
事実を言っただけだろ。,Hero,ApothecaryDefeat,Hero_normal_normal
あなた、そういうところ直した方がいいと思う。,Apothecary,ApothecaryDefeat,Apothecary_normal_normal
もういい。私は研究に戻る。,Apothecary,ApothecaryDefeat,Apothecary_normal_normal
でも、この人たちにも手伝ってもらえばいいんじゃない？,SnowVillageBoy2,ApothecaryDefeat,
手伝うって、何をしてるの？,Heroin,ApothecaryDefeat,Heroin_flexible_normal
"村、食べ物がなくて困ってるでしょ。
だから、植物がもっと早く育つ薬を作ろうとしてるんだ。",SnowVillageBoy2,ApothecaryDefeat,
そんな薬を……。,Heroin,ApothecaryDefeat,Heroin_flexible_normal
まだ完成してない。だから研究を続けてる。,Apothecary,ApothecaryDefeat,Apothecary_normal_normal
"なんだ。ちゃんとまともなことしてるんじゃねえか。
不気味がられているわりにはよ。",Hero,ApothecaryDefeat,Hero_normal_normal
……その言い方も気に入らない。,Apothecary,ApothecaryDefeat,Apothecary_normal_normal
今度は何が悪かったんだよ。,Hero,ApothecaryDefeat,Hero_normal_normal
いちいち一言多い。,Apothecary,ApothecaryDefeat,Apothecary_normal_normal
"そりゃ悪かったな。
でも、村のためなら俺たちも手伝ってやるよ。",Hero,ApothecaryDefeat,Hero_normal_normal
はい。私にもできることがあれば、手伝わせてください。,Heroin,ApothecaryDefeat,Heroin_flexible_smile
"なら、
あなたはこの塔にいる魔物から素材をいくつか取ってきて。",Apothecary,ApothecaryDefeat,Apothecary_normal_normal
"私はここで調合を進める。
集め終わったら、この子に渡して。",Apothecary,ApothecaryDefeat,Apothecary_normal_normal
うん。僕が受け取るよ。,SnowVillageBoy2,ApothecaryDefeat,
で、俺は何すりゃいい？,Hero,ApothecaryDefeat,Hero_normal_normal
あなたは力がありそうだから、別の仕事をお願いする。,Apothecary,ApothecaryDefeat,Apothecary_normal_normal
その言い方、嫌な予感しかしねぇんだけど。,Hero,ApothecaryDefeat,Hero_normal_thinking
そう。じゃあ、その予感を大事にして。,Apothecary,ApothecaryDefeat,Apothecary_normal_normal
おいおい、俺の方はずいぶん雑じゃねぇか。,Hero,ApothecaryDefeat,Hero_normal_normal
アイテムを渡しますか？,narrative,ApothecaryQuest,
必要なアイテムをもっていない。,narrative,ApothecaryQuest,
"ありがとう、
お姉ちゃん。これだけあれば足りると思う。",SnowVillageBoy2,ApothecaryQuest_GiveItem,
うん。お願いね。,Heroin,ApothecaryQuest_GiveItem,Heroin_flexible_normal
じゃあ、渡してくるね。,SnowVillageBoy2,ApothecaryQuest_GiveItem,
"はぁ……ようやく終わったな。
もうしばらくあの匂いは嗅ぎたくねぇ。",Hero,ApothecaryQuest_GiveItem,Hero_normal_normal
大げさ。,Apothecary,ApothecaryQuest_GiveItem,Apothecary_normal_normal
こっちは何日付き合わされたと思ってんだよ。,Hero,ApothecaryQuest_GiveItem,Hero_normal_normal
でも、ちゃんと完成してよかったですね。,Heroin,ApothecaryQuest_GiveItem,Heroin_flexible_normal
ええ。これなら植物の成長を十分に促進できると思う。,Apothecary,ApothecaryQuest_GiveItem,Apothecary_normal_normal
"これで村の方も何とかなりそうだ。
俺たちも本部に帰れる目処が立ったな。",Hero,ApothecaryQuest_GiveItem,Hero_normal_normal
"でも、村の周りを荒らしていた原因は、
まだ分かってないですよね。",Heroin,ApothecaryQuest_GiveItem,Heroin_flexible_troubled
ああ、そっちはまだだったな。,Hero,ApothecaryQuest_GiveItem,Hero_normal_thinking
そっちって？,Apothecary,ApothecaryQuest_GiveItem,Apothecary_normal_normal
"村の周りで、木が切り倒されたり、
食べ物が荒らされたりしてるんです。",Heroin,ApothecaryQuest_GiveItem,Heroin_flexible_normal
"それに、近くにいた動物もいなくなって、
狩りができなくなってるみたいで。",Heroin,ApothecaryQuest_GiveItem,Heroin_flexible_normal
……そんなことになってたの。,Apothecary,ApothecaryQuest_GiveItem,Apothecary_normal_normal
ああ。しかも、誰もやってるところを見たことがねぇらしい。,Hero,ApothecaryQuest_GiveItem,Hero_normal_thinking
"……まさかメルサ、
お前まだ何か塔に隠しているんじゃねぇよな？",Hero,ApothecaryQuest_GiveItem,Hero_normal_thinking
隠してない。,Apothecary,ApothecaryQuest_GiveItem,Apothecary_normal_normal
冗談だって。,Hero,ApothecaryQuest_GiveItem,Hero_normal_smile
面白くない。いい加減にして。,Apothecary,ApothecaryQuest_GiveItem,Apothecary_normal_normal
ははっ、悪かったって。,Hero,ApothecaryQuest_GiveItem,Hero_normal_smile
……あれ？,Heroin,ApothecaryQuest_GiveItem,Heroin_flexible_troubled
ん？ どうした、ノエリ。,Hero,ApothecaryQuest_GiveItem,Hero_normal_normal
"そういえば、村から塔まで来るには、
あの洞窟を通らないといけないんですよね。",Heroin,ApothecaryQuest_GiveItem,Heroin_flexible_serious
ああ。結構危ない道だったな。,Hero,ApothecaryQuest_GiveItem,Hero_normal_normal
あの子、いつも一人であそこを通ってたのかな。,Heroin,ApothecaryQuest_GiveItem,Heroin_flexible_troubled
ねえ、いつもどうやって塔まで来てたの？,Heroin,ApothecaryQuest_GiveItem,Heroin_flexible_serious
……,SnowVillageBoy2,ApothecaryQuest_GiveItem,
おい、どうした？ さっきから黙り込んで。,Hero,ApothecaryQuest_GiveItem,Hero_normal_thinking
……そっか。,SnowVillageBoy2,ApothecaryQuest_GiveItem,
えっ？,Heroin,ApothecaryQuest_GiveItem,Heroin_flexible_surprised
そこに気づいたんだ。,SnowVillageBoy2,ApothecaryQuest_GiveItem,
おい、坊主。何の話だ？,Hero,ApothecaryQuest_GiveItem,Hero_normal_thinking
うん。もういいかな。,SnowVillageBoy2,ApothecaryQuest_GiveItem,
……どうしたの？,Heroin,ApothecaryQuest_GiveItem,Heroin_flexible_troubled
"もう十分だよ。
ここまでで、僕の目的はある程度達成できたから。",SnowVillageBoy2,ApothecaryQuest_GiveItem,
じゃあね。,SnowVillageBoy2,ApothecaryQuest_GiveItem,
えっ――。,Heroin,ApothecaryQuest_GiveItem,Heroin_flexible_surprised
なっ、橋が！,Hero,ApothecaryQuest_GiveItem,Hero_normal_surprised
落ちる――！,Apothecary,ApothecaryQuest_GiveItem,Apothecary_normal_normal
きゃあっ！,Heroin,ApothecaryQuest_GiveItem,Heroin_flexible_surprised
うぅ……ここは……。,Heroin,ApothecaryQuest_GiveItem,Heroin_flexible_troubled
気がついた？,Apothecary,ApothecaryQuest_GiveItem,Apothecary_normal_normal
メルサさん……。ここは……？,Heroin,ApothecaryQuest_GiveItem,Heroin_flexible_troubled
"あ、目が覚めたみたいだね。
生体反応も安定してる。うん、問題なさそう。",SnowVillageBoy2,ApothecaryQuest_GiveItem,
あなた……。これはどういうこと？,Apothecary,ApothecaryQuest_GiveItem,Apothecary_normal_normal
待ってください。ガドさんは？,Heroin,ApothecaryQuest_GiveItem,Heroin_flexible_anxious
"あの大きい人なら、
落としたときにどこかへ行っちゃったよ。",SnowVillageBoy2,ApothecaryQuest_GiveItem,
そんな……。,Heroin,ApothecaryQuest_GiveItem,Heroin_flexible_troubled
"まあ、あの身体なら十分に丈夫そうだから、
あれくらいで死ぬ可能性は低いと思うよ。",SnowVillageBoy2,ApothecaryQuest_GiveItem,
あとで別の実験にも使えそうだしね。,SnowVillageBoy2,ApothecaryQuest_GiveItem,
私たちをどうするつもり？,Apothecary,ApothecaryQuest_GiveItem,Apothecary_normal_normal
"二人には、これから実験工程に参加してもらうよ。
せっかく条件のいい観測対象が二人も揃ったからね。",SnowVillageBoy2,ApothecaryQuest_GiveItem,
何か、人体実験でもするわけ？,Apothecary,ApothecaryQuest_GiveItem,Apothecary_normal_normal
まさか。そんなことをしたら生体反応が大きく乱れるでしょ。,SnowVillageBoy2,ApothecaryQuest_GiveItem,
"条件を壊したら、
再現性のあるデータが取れないよ。そんなの意味ないし。",SnowVillageBoy2,ApothecaryQuest_GiveItem,
じゃあ…何をするんですか？,Heroin,ApothecaryQuest_GiveItem,Heroin_flexible_troubled
"簡単だよ。
そこの机に置いてある試料を、摂取してくれればいい。",SnowVillageBoy2,ApothecaryQuest_GiveItem,
……そんな得体の知れないもの、食べるわけない。,Apothecary,ApothecaryQuest_GiveItem,Apothecary_normal_normal
うん。拒否するのは自由だよ。,SnowVillageBoy2,ApothecaryQuest_GiveItem,
"でも、実験工程から外れた場合は、
その後の処理を変えないといけなくなるね。",SnowVillageBoy2,ApothecaryQuest_GiveItem,
処理……？,Heroin,ApothecaryQuest_GiveItem,Heroin_flexible_troubled
"どうなるかは、僕にもまだ分からないよ。
万が一の場合の条件だから。",SnowVillageBoy2,ApothecaryQuest_GiveItem,
……それ、脅してるつもり？,Apothecary,ApothecaryQuest_GiveItem,Apothecary_normal_normal
僕は条件を説明してるだけだよ。,SnowVillageBoy2,ApothecaryQuest_GiveItem,
"椅子も机も用意してあるから、
最低限の環境は揃ってるよ。",SnowVillageBoy2,ApothecaryQuest_GiveItem,
"むこうの実験区画と環境差が大きすぎると、
対照条件として使いにくくなるからね。
そこはちゃんと調整しておいたんだ。",SnowVillageBoy2,ApothecaryQuest_GiveItem,
じゃあ、僕は別の工程を進めてくるから。,SnowVillageBoy2,ApothecaryQuest_GiveItem,
……メルサさん、どうしましょう。,Heroin,ApothecaryQuest_GiveItem,Heroin_flexible_troubled
今は従うしかない。,Apothecary,ApothecaryQuest_GiveItem,Apothecary_normal_normal
でも、この食べ物が何なのかも分からないのに……。,Heroin,ApothecaryQuest_GiveItem,Heroin_flexible_troubled
分かってる。私も隙を見て、ここから出る方法を探す。,Apothecary,ApothecaryQuest_GiveItem,Apothecary_normal_normal
だから、それまでは下手に逆らわないで。機会を待つ。,Apothecary,ApothecaryQuest_GiveItem,Apothecary_normal_normal
また、声をかけてね。,SnowVillageBoy2,ApothecaryQuest_DontGiveItem,
"これなら、ちゃんと食べられそう。
変なものが入ってないといいけど。",Heroin,UnderPrison1Food1,Heroin_flexible_troubled
"もぐ、もぐ。",narrative,UnderPrison1Food1,
"うん。味は普通みたい。これなら大丈夫そう。",Heroin,UnderPrison1Food1,Heroin_flexible_normal
"思ってたより多いかも。少しずつ食べよう。",Heroin,UnderPrison1Food2,Heroin_flexible_troubled
"もぐ、ぱく……もぐ。",narrative,UnderPrison1Food2,
ふぅ。まだ大丈夫だけど、結構お腹にたまるかも。,Heroin,UnderPrison1Food2,Heroin_flexible_troubled
 わぁ、すごく甘そう。こういうのも用意してあるんだ。,Heroin,UnderPrison1Food3,Heroin_flexible_normal
"ぱく、もぐ……もぐ。",narrative,UnderPrison1Food3,
おいしい。でも、実験だと思うとちょっと複雑かも。,Heroin,UnderPrison1Food3,Heroin_flexible_troubled
思った通り、あっちのグループと比べると、変化は小さいね。,SnowVillageBoy2,UnderPrison1EventComplete,
何と比べてるの。,Apothecary,UnderPrison1EventComplete,Apothecary_armed1_normal
"それは教えないよ。
余計な情報を与えると、観測結果に影響が出るから。",SnowVillageBoy2,UnderPrison1EventComplete,
私たちを、物みたいに扱わないでください。,Heroin,UnderPrison1EventComplete,Heroin_flexible_angry
じゃあ、次の試料を置いておくね。,SnowVillageBoy2,UnderPrison1EventComplete,
勝手に置いていかないで。,Apothecary,UnderPrison1EventComplete,Apothecary_armed1_normal
手順だから。よろしくね。,SnowVillageBoy2,UnderPrison1EventComplete,
"でも、ここからどうやって出ればいいんでしょう。
見た感じ出口はなさそうですし…。",Heroin,UnderPrison1EventComplete,Heroin_flexible_troubled
正面から出る必要はない。,Apothecary,UnderPrison1EventComplete,Apothecary_armed1_normal
えっ？,Heroin,UnderPrison1EventComplete,Heroin_flexible_surprised
私、短い距離ならテレポートできる。,Apothecary,UnderPrison1EventComplete,Apothecary_armed1_normal
それなら、この檻の外にも出られるんですか？,Heroin,UnderPrison1EventComplete,Heroin_flexible_surprised
できる。でも、今は無理。,Apothecary,UnderPrison1EventComplete,Apothecary_armed1_normal
どうしてですか？,Heroin,UnderPrison1EventComplete,Heroin_flexible_troubled
あなたと戦ったときに、魔力をほとんど使い切った。,Apothecary,UnderPrison1EventComplete,Apothecary_armed1_normal
"魔力が溜まらないと、
テレポートは使えない。今は回復を待つしかない。",Apothecary,UnderPrison1EventComplete,Apothecary_armed1_normal
……分かりました。,Heroin,UnderPrison1EventComplete,Heroin_flexible_normal
"必ず隙はできる。
それまでは、あいつの言う通りにしてるふりをする。",Apothecary,UnderPrison1EventComplete,Apothecary_armed1_normal
これ、一人で全部食べるには多くないかな。,Heroin,UnderPrison2Food1,Heroin_flexible_troubled
"もぐ……もぐ、ぱく。",narrative,UnderPrison2Food1,
ふぅ。まだ食べられるけど、ちょっと苦しくなってきたかも。,Heroin,UnderPrison2Food1,Heroin_flexible_troubled
"すごく甘そう。ちゃんと全部食べられるかな。",Heroin,UnderPrison2Food2,Heroin_flexible_anxious
ぱく……もぐ……もぐ。,narrative,UnderPrison2Food2,
うぅ、甘い。おいしいけど、今はちょっときついかも。,Heroin,UnderPrison2Food2,Heroin_flexible_troubled
"この量を全部か……。
食べないと何をされるか分からないし、頑張ろう。",Heroin,UnderPrison2Food3,Heroin_flexible_serious
もぐ……ぱく……もぐ。,narrative,UnderPrison2Food3,
はぁ。ちゃんと食べられた。少し休みたいな。,Heroin,UnderPrison2Food3,Heroin_flexible_normal
……うん。前より変化してるね。,SnowVillageBoy2,UnderPrison2EventComplete,
そんなに見ないでください。,Heroin,UnderPrison2EventComplete,Heroin_flexible_blush
データを取らないと意味がないからね。仕方がないね。,SnowVillageBoy2,UnderPrison2EventComplete,
いい加減にして。何が目的なの。,Apothecary,UnderPrison2EventComplete,Apothecary_armed2_normal
それはまだ教えられないよ。,SnowVillageBoy2,UnderPrison2EventComplete,
都合のいいことばかり。,Apothecary,UnderPrison2EventComplete,Apothecary_armed2_normal
"そう思ってくれて構わないよ。
次の試料はここに置いておくね。",SnowVillageBoy2,UnderPrison2EventComplete,
……まだ続けるんですか？,Heroin,UnderPrison2EventComplete,Heroin_flexible_troubled
もちろん。,SnowVillageBoy2,UnderPrison2EventComplete,
……さすがに、これだけ続くと食べるのもきつい。,Apothecary,UnderPrison2EventComplete,Apothecary_armed2_normal
"メルサさんもですか。
私も、だんだん苦しくなってきました。",Heroin,UnderPrison2EventComplete,Heroin_flexible_troubled
"でも、メルサさん……
さっきより食べるの、早くなってません？",Heroin,UnderPrison2EventComplete,Heroin_flexible_troubled
……なってない。,Apothecary,UnderPrison2EventComplete,Apothecary_armed2_normal
えっ。でも、私よりずっと先に食べ終わってましたよ。,Heroin,UnderPrison2EventComplete,Heroin_flexible_surprised
気のせい。,Apothecary,UnderPrison2EventComplete,Apothecary_armed2_normal
そ、そうですか？,Heroin,UnderPrison2EventComplete,Heroin_flexible_troubled
……いちいち見ないで。,Apothecary,UnderPrison2EventComplete,Apothecary_armed2_normal
あっ、ご、ごめんなさい。,Heroin,UnderPrison2EventComplete,Heroin_flexible_anxious
……その話、もう終わり。,Apothecary,UnderPrison2EventComplete,Apothecary_armed2_normal
"えっ、これ全部？ 一人分には見えないんだけど。",Heroin,UnderPrison3Food1,Heroin_flexible_surprised
"もぐ……っ、もぐ……。",narrative,UnderPrison3Food1,
"うぅ。まだこんなに残ってる。ちゃんと食べきれるかな。",Heroin,UnderPrison3Food1,Heroin_flexible_troubled
"わぁ……すごく甘そう。
見てるだけでもお腹いっぱいになりそう。",Heroin,UnderPrison3Food2,Heroin_flexible_normal
ぱく……もぐ……っ、もぐ。,narrative,UnderPrison3Food2,
甘い……。もう少しゆっくり食べないと、きついかも。,Heroin,UnderPrison3Food2,Heroin_flexible_troubled
"これもすごい量……。でも、食べないわけにはいかないよね。",Heroin,UnderPrison3Food3,Heroin_flexible_serious
もぐ……もぐ……ぱく……。,narrative,UnderPrison3Food3,
はぁ……どうにか食べきれた。もう、本当にお腹いっぱい。,Heroin,UnderPrison3Food3,Heroin_flexible_troubled
……順調だね。,SnowVillageBoy2,UnderPrison3EventComplete,
もう、十分じゃないんですか？,Heroin,UnderPrison3EventComplete,Heroin_flexible_troubled
まだ半分にも来てないよ。,SnowVillageBoy2,UnderPrison3EventComplete,
えっ……。,Heroin,UnderPrison3EventComplete,Heroin_flexible_surprised
"でも、現状で必要な摂取量に対して、
実際の量が少し足りないな。",SnowVillageBoy2,UnderPrison3EventComplete,
……やっぱり、ある程度の強制は必要かな。,SnowVillageBoy2,UnderPrison3EventComplete,
ふざけないで。これ以上、何をするつもり？,Apothecary,UnderPrison3EventComplete,Apothecary_armed2_normal
まだ決めてないよ。観測結果を見て調整するだけ。,SnowVillageBoy2,UnderPrison3EventComplete,
私たちはあなたの道具じゃない。,Apothecary,UnderPrison3EventComplete,Apothecary_armed2_normal
そう。じゃあ、次の試料も置いておくね。,SnowVillageBoy2,UnderPrison3EventComplete,
メルサさん……もう、かなり動きにくいです。,Heroin,UnderPrison3EventComplete,Heroin_flexible_troubled
私も同じ。立ち上がるだけで、前よりずっと時間がかかる。,Apothecary,UnderPrison3EventComplete,Apothecary_armed2_normal
"服もすごくきつくなってきて……
こんな姿、他の人たちには見られたくないです。",Heroin,UnderPrison3EventComplete,Heroin_flexible_blush
……それは私も。,Apothecary,UnderPrison3EventComplete,Apothecary_armed2_normal
メルサさんも、気にしてるんですね。,Heroin,UnderPrison3EventComplete,Heroin_flexible_normal
当たり前。こんなに短期間で体型が変わるなんて、普通じゃない。,Apothecary,UnderPrison3EventComplete,Apothecary_armed2_normal
うぅ……座ってるだけでも、お腹が苦しいです。,Heroin,UnderPrison3EventComplete,Heroin_flexible_troubled
無理に動かないで。転んだら余計に面倒。,Apothecary,UnderPrison3EventComplete,Apothecary_armed2_normal
"でも、このままずっとここにいたら、
もっと動けなくなっちゃいそうで……。",Heroin,UnderPrison3EventComplete,Heroin_flexible_troubled
分かってる。もう待てない。このままじゃ埒が明かない。,Apothecary,UnderPrison3EventComplete,Apothecary_armed2_normal
何か方法があるんですか？,Heroin,UnderPrison3EventComplete,Heroin_flexible_normal
ある。成功する保証はないけど。,Apothecary,UnderPrison3EventComplete,Apothecary_armed2_normal
もしかして、テレポートですか？,Heroin,UnderPrison3EventComplete,Heroin_flexible_surprised
そう。これ以上ここにいるよりはまし。,Apothecary,UnderPrison3EventComplete,Apothecary_armed2_normal
分かりました。お願いします、メルサさん。,Heroin,UnderPrison3EventComplete,Heroin_flexible_serious
行くよ。,Apothecary,UnderPrison3EventComplete,Apothecary_armed2_normal
成功した……？,Apothecary,UnderPrison3EventComplete,Apothecary_armed2_normal
メルサさん、大丈夫ですか？,Heroin,UnderPrison3EventComplete,Heroin_flexible_anxious
私は平気。それより、あなた……。,Apothecary,UnderPrison3EventComplete,Apothecary_armed2_normal
えっ？,Heroin,UnderPrison3EventComplete,Heroin_flexible_troubled
体、戻ってる。,Apothecary,UnderPrison3EventComplete,Apothecary_armed2_normal
本当だ……。さっきまであんなに動きにくかったのに。,Heroin,UnderPrison3EventComplete,Heroin_flexible_normal
……どうして。,Apothecary,UnderPrison3EventComplete,Apothecary_armed2_normal
メルサさんは……そのまま、みたいですね。,Heroin,UnderPrison3EventComplete,Heroin_flexible_troubled
見れば分かる。,Apothecary,UnderPrison3EventComplete,Apothecary_armed2_normal
あっ、ご、ごめんなさい。,Heroin,UnderPrison3EventComplete,Heroin_flexible_anxious
……別にいい。でも、並ぶと余計に分かりやすい。,Apothecary,UnderPrison3EventComplete,Apothecary_armed2_normal
その、きっと戻す方法もありますよ。,Heroin,UnderPrison3EventComplete,Heroin_flexible_normal
そうだといいけど。こんな姿で外を歩くのは、さすがに嫌。,Apothecary,UnderPrison3EventComplete,Apothecary_armed2_normal
でも、テレポートはちゃんと成功しましたね。,Heroin,UnderPrison3EventComplete,Heroin_flexible_normal
"それも変。今回は二人まとめて飛ばした上に、
両方ともかなり重くなっていた。
普通なら、発動しないはずなのに。",Apothecary,UnderPrison3EventComplete,Apothecary_armed2_normal
じゃあ、どうして成功したんでしょう。,Heroin,UnderPrison3EventComplete,Heroin_flexible_troubled
分からない。何か条件を見落としてるのかも。,Apothecary,UnderPrison3EventComplete,Apothecary_armed2_normal
……考えるのは、ここを出てからにしませんか？,Heroin,UnderPrison3EventComplete,Heroin_flexible_serious
"そうね。
あいつに気づかれる前に、できるだけ離れた方がいい。",Apothecary,UnderPrison3EventComplete,Apothecary_armed2_normal
はい。急ぎましょう。,Heroin,UnderPrison3EventComplete,Heroin_flexible_serious
ここ、さっきまでの場所とは全然違いますね。,Heroin,FirstEnteredUnder2Field,Heroin_flexible_surprised
……そうね。何か仕掛けがあるみたい。,Apothecary,FirstEnteredUnder2Field,Apothecary_armed2_normal
どうやって進めばいいんでしょう。,Heroin,FirstEnteredUnder2Field,Heroin_flexible_troubled
ノエリ、悪いけど先に進んで道を作って。,Apothecary,FirstEnteredUnder2Field,Apothecary_armed2_normal
私が、ですか？,Heroin,FirstEnteredUnder2Field,Heroin_flexible_surprised
今の私は……その、思うように動けないから。,Apothecary,FirstEnteredUnder2Field,Apothecary_armed2_normal
あっ……。,Heroin,FirstEnteredUnder2Field,Heroin_flexible_troubled
……あまり見ないで。,Apothecary,FirstEnteredUnder2Field,Apothecary_armed2_normal
ご、ごめんなさい。,Heroin,FirstEnteredUnder2Field,Heroin_flexible_anxious
"とにかく、仕掛けを動かせそうなところを探して。
私は後からついていく。",Apothecary,FirstEnteredUnder2Field,Apothecary_armed2_normal
これで先に進めそう。ちゃんと道がつながってる。,Apothecary,Under2FieldComplete,Apothecary_armed2_normal
"……少し歩いただけなのに、思ったより動きづらい。
今の体、やっぱり厄介。",Apothecary,Under2FieldComplete,Apothecary_armed2_normal
よし。これなら向こうまで行ける。,Apothecary,Under3FieldComplete,Apothecary_armed2_normal
はぁ……。この体だと、少し移動するだけでも結構疲れる。,Apothecary,Under3FieldComplete,Apothecary_armed2_normal
……進める。もう少しで抜けられそう。,Apothecary,Under4FieldComplete,Apothecary_armed2_normal
"はぁ、はぁ……。
きついけど、ここまで来たなら止まりたくない。",Apothecary,Under4FieldComplete,Apothecary_armed2_normal
あっ……出口です！　メルサさん、外に出られそうです！,Heroin,ReachedUnderExit,Heroin_flexible_smile
はぁ……やっと。さすがに、もう限界に近い。,Apothecary,ReachedUnderExit,Apothecary_armed2_normal
あと少しです。頑張りましょう。,Heroin,ReachedUnderExit,Heroin_flexible_smile
へえ。本当にここまで来たんだ。,SnowVillageBoy2,ReachedUnderExit,
また、あなた。,Apothecary,ReachedUnderExit,Apothecary_armed2_normal
"まさか脱出するとは思わなかったよ。
計算上、あの時点では能力を使える状態じゃ
なかったはずなんだけど。",SnowVillageBoy2,ReachedUnderExit,
"……転移を起こした個体じゃなくて、
同伴していた個体の方が原因かもしれないね。
まあ、今は後回しでいいや。",SnowVillageBoy2,ReachedUnderExit,
もうあなたの実験に付き合うつもりはない。,Apothecary,ReachedUnderExit,Apothecary_armed2_normal
本当は二人とも元の区画に戻そうと思ってたんだけどね。,SnowVillageBoy2,ReachedUnderExit,
"でも、片方は体形が元に戻ってる。
これだと同じ条件では続けられないな。",SnowVillageBoy2,ReachedUnderExit,
"その点、もう片方は変化が維持されてる。
うん、こっちは別の実験に使えそう。",SnowVillageBoy2,ReachedUnderExit,
勝手に決めないで。,Apothecary,ReachedUnderExit,Apothecary_armed2_normal
拒否する権利は用意してないよ。,SnowVillageBoy2,ReachedUnderExit,
待ってください。メルサさんをどこへ連れていくんですか？,Heroin,ReachedUnderExit,Heroin_flexible_anxious
"君はもう地上に出ていいよ。
変化が消失した対象をここに残しても、
予定していた観測には使えないから。",SnowVillageBoy2,ReachedUnderExit,
そんな……。メルサさんも一緒に――。,Heroin,ReachedUnderExit,Heroin_flexible_anxious
ノエリ、下がって。,Apothecary,ReachedUnderExit,Apothecary_armed2_normal
メルサさん？,Heroin,ReachedUnderExit,Heroin_flexible_troubled
今はいい。あなたまで捕まったら意味がない。,Apothecary,ReachedUnderExit,Apothecary_armed2_normal
じゃあ、変化が残ってる方だけ連れていこうか。,SnowVillageBoy2,ReachedUnderExit,
……消えちゃった。どうしよう……。,Heroin,ReachedUnderExit,Heroin_flexible_troubled
"ううん。まずは地上に出よう。
アクスさんなら、何か力を貸してくれるかもしれない。",Heroin,ReachedUnderExit,Heroin_flexible_serious
ファボも探さないと。待ってて、メルサさん。,Heroin,ReachedUnderExit,Heroin_flexible_serious
あれ……外に誰もいない。どうしたんだろう。,Heroin,SensedVillageAnomaly,Heroin_flexible_troubled
アクスさんの前に、村長さんの家に行ってみようかな。,Heroin,SensedVillageAnomaly,Heroin_flexible_normal
きゃっ！？こ、これって……？,Heroin,WitnessedVillageChange,Heroin_flexible_surprised
"はぁぁ……
何か、こってりしたもの……食べたいわぁ……。
まだ全然、足りないのよぉ……。",SnowVillageWoman1,WitnessedVillageChange,
"うぅぅ……さっき食べたばっかりなのにぃ……
もう、また何か食べたくなってきましたぁ……。",SnowVillageGirl1,WitnessedVillageChange,SnowVillageGirl1_immobile_normal
"んぅぅ……甘いの、ほしい……。
いっぱい食べたのにぃ……まだ、ほしい……。",SnowVillageGirl2,WitnessedVillageChange,SnowVillageGirl2_immobile_normal
"どうしよう……。みんな、様子がおかしいよ……。
私だけじゃ、どうしたらいいか分からない……。",Heroin,WitnessedVillageChange,Heroin_flexible_troubled
"ううん、ここで立ち止まってちゃだめ。
やっぱり、まずはアクスさんのところに戻ろう。",Heroin,WitnessedVillageChange,Heroin_flexible_serious
アクスさん！,Heroin,TalkToCoachmanAboutVillageChange,Heroin_flexible_anxious
ノエリさん。無事だったんだね。,Axis,TalkToCoachmanAboutVillageChange,Axis_normal_normal
はい。でも、橋が……。,Heroin,TalkToCoachmanAboutVillageChange,Heroin_flexible_troubled
"僕も今確認していたところだよ。
どうやら、完全に壊されているみたいだね。",Axis,TalkToCoachmanAboutVillageChange,Axis_normal_normal
"それに、村が大変なんです。
村にいる人たちがみんな変になっていて…。",Heroin,TalkToCoachmanAboutVillageChange,Heroin_flexible_anxious
なるほど。また、厄介なことが起きているわけだ。,Axis,TalkToCoachmanAboutVillageChange,Axis_normal_normal
"そういえば、
村長さんやほかの村の人たちはどこにいるんですか？",Heroin,TalkToCoachmanAboutVillageChange,Heroin_flexible_troubled
"食べ物が足りなくなってきているらしいからね。
彼らは、何か確保できないか探すために
こちら側へ出てきたんだ。",Axis,TalkToCoachmanAboutVillageChange,Axis_normal_normal
そのあと大きな音がしたから様子を見に来たら、この通りさ。,Axis,TalkToCoachmanAboutVillageChange,Axis_normal_normal
"それにしても、不思議だね。
これだけ大きな橋を壊したのに、
僕はその原因を見つけられなかった。",Axis,TalkToCoachmanAboutVillageChange,Axis_normal_normal
…私、その橋が壊されたところを見ました。,Heroin,TalkToCoachmanAboutVillageChange,Heroin_flexible_serious
おや、本当かい？,Axis,TalkToCoachmanAboutVillageChange,Axis_normal_normal
"はい。橋の上にいたとき、
突然、巨大な何かがものすごい速さで通り抜けて……
気づいたときには、橋が壊されていました。",Heroin,TalkToCoachmanAboutVillageChange,Heroin_flexible_serious
"でも、本当に一瞬だったので、
何だったのかまでは分からなくて。",Heroin,TalkToCoachmanAboutVillageChange,Heroin_flexible_troubled
"なるほど。姿を捉えられないほど速い何か、か。
村で起きていたこととも関係がありそうだね。",Axis,TalkToCoachmanAboutVillageChange,Axis_normal_normal
ところで、ガドは一緒じゃないのかい？,Axis,TalkToCoachmanAboutVillageChange,Axis_normal_normal
それが……いろいろあって。,Heroin,TalkToCoachmanAboutVillageChange,Heroin_flexible_troubled
……こいつは困ったことになったね。,Axis,TalkToCoachmanAboutVillageChange,Axis_normal_normal
それに、村の反対側へ続く道も壊されていました。,Heroin,TalkToCoachmanAboutVillageChange,Heroin_flexible_serious
そうなると、今の村は両側の道を断たれていることになるね。,Axis,TalkToCoachmanAboutVillageChange,Axis_normal_normal
このままでは、外から助けを呼ぶことも難しいね。,Axis,TalkToCoachmanAboutVillageChange,Axis_normal_normal
どうすればいいんでしょう。,Heroin,TalkToCoachmanAboutVillageChange,Heroin_flexible_troubled
僕が近くの村まで行って、応援を呼んでくるよ。,Axis,TalkToCoachmanAboutVillageChange,Axis_normal_normal
"ただ、ここからだとそれなりに距離がある。
戻ってくるまでには少し時間がかかりそうだ。",Axis,TalkToCoachmanAboutVillageChange,Axis_normal_normal
"だからその間、
君には今回の異変の元凶らしきものを調べてもらいたいんだけど、
お願いできるかな？",Axis,TalkToCoachmanAboutVillageChange,Axis_normal_normal
私が……。,Heroin,TalkToCoachmanAboutVillageChange,Heroin_flexible_troubled
"放っておけば、村の状況はさらに悪くなるかもしれない。
それに、応援を連れて戻ってきても、
その間にまた道を壊されたら元も子もないからね。",Axis,TalkToCoachmanAboutVillageChange,Axis_normal_normal
……分かりました。私、できることをやってみます。,Heroin,TalkToCoachmanAboutVillageChange,Heroin_flexible_serious
でも、ガドさんは大丈夫でしょうか。,Heroin,TalkToCoachmanAboutVillageChange,Heroin_flexible_troubled
"まあ、あいつのことだからね。
地下に落ちたくらいなら、
穴でも掘りながらそのうち出てくるんじゃないかな。",Axis,TalkToCoachmanAboutVillageChange,Axis_normal_normal
…本当にそうだといいんですけど。,Heroin,TalkToCoachmanAboutVillageChange,Heroin_flexible_troubled
"あいつはそう簡単にどうにかなるような男じゃないよ。
今は、できることから進めよう。",Axis,TalkToCoachmanAboutVillageChange,Axis_normal_normal
はい。まずは村の異変を調べてみます。,Heroin,TalkToCoachmanAboutVillageChange,Heroin_flexible_serious
うん。僕もできるだけ早く戻るよ。,Axis,TalkToCoachmanAboutVillageChange,Axis_normal_normal
"やっぱり、今回のことにはあの男の子が関わってる気がする。
まずは、どこにいるのか探さないと。",Heroin,StartedInvestigatingVillageAnomaly,Heroin_flexible_serious
メルサさんを連れていったんだから、どこか別の場所にいるのかな。,Heroin,StartedInvestigatingVillageAnomaly,Heroin_flexible_troubled
さっきの地下は、もう先に進めそうなところもなかったし……。,Heroin,StartedInvestigatingVillageAnomaly,Heroin_flexible_troubled
何かそれらしい場所がないか、村の人たちに聞いてみよう。,Heroin,StartedInvestigatingVillageAnomaly,Heroin_flexible_serious
あれ……さっきまで一緒にいた人たちは？,Heroin,VillageGirl2_AskAboutClue,Heroin_flexible_troubled
"んぅ……みんな、さっき外に行ったよぉ……。
食べるもの、探すってぇ……。",SnowVillageGirl2,VillageGirl2_AskAboutClue,SnowVillageGirl2_immobile_normal
"そっか……。
ねえ、この村の近くに、何か変わった場所ってない？",Heroin,VillageGirl2_AskAboutClue,Heroin_flexible_normal
変わった場所ぉ……？,SnowVillageGirl2,VillageGirl2_AskAboutClue,SnowVillageGirl2_immobile_normal
うん。村にあった、あの石でできた門みたいな場所とか。,Heroin,VillageGirl2_AskAboutClue,Heroin_flexible_normal
"んー……。そういえば、おじいちゃんが言ってたぁ……。
山の上にも、似たようなのがあるってぇ……。",SnowVillageGirl2,VillageGirl2_AskAboutClue,SnowVillageGirl2_immobile_normal
"山の上……。
でも、あっちへ行く扉、鍵がかかってたんだ。",Heroin,VillageGirl2_AskAboutClue,Heroin_flexible_troubled
鍵ならぁ……わたし、持ってるよぉ……。,SnowVillageGirl2,VillageGirl2_AskAboutClue,SnowVillageGirl2_immobile_normal
えっ、本当？,Heroin,VillageGirl2_AskAboutClue,Heroin_flexible_surprised
うん……。たまに、こっそり外に行くからぁ……。,SnowVillageGirl2,VillageGirl2_AskAboutClue,SnowVillageGirl2_immobile_normal
その鍵、貸してもらえないかな？,Heroin,VillageGirl2_AskAboutClue,Heroin_flexible_normal
"いいよぉ……。
でも、その前にぃ……お願いがあるのぉ……。",SnowVillageGirl2,VillageGirl2_AskAboutClue,SnowVillageGirl2_immobile_normal
お願い？,Heroin,VillageGirl2_AskAboutClue,Heroin_flexible_troubled
"みんな、変になっちゃったしぃ……
わたしも、ずっとお腹すいてるぅ……。",SnowVillageGirl2,VillageGirl2_AskAboutClue,SnowVillageGirl2_immobile_normal
"お姉ちゃん……みんなを助けてぇ……。
それとぉ、何か食べるもの、持ってきてほしいぃ……。",SnowVillageGirl2,VillageGirl2_AskAboutClue,SnowVillageGirl2_immobile_normal
うん、分かった。食べるものを探してくるね。,Heroin,VillageGirl2_AskAboutClue,Heroin_flexible_smile
食べ物を渡しますか？,narrative,VillageGirlQuest,
渡せるものを持っていない。,narrative,VillageGirlQuest,
"わぁぁ……ありがとう、お姉ちゃん。
これ、ずっと食べたかったぁ……。",SnowVillageGirl2,VillageGirlQuest_GiveItem,SnowVillageGirl2_immobile_normal
うん。これで少しでも落ち着くといいんだけど。,Heroin,VillageGirlQuest_GiveItem,Heroin_flexible_normal
……いたぁ。,SnowVillageGirl1,VillageGirlQuest_GiveItem,SnowVillageGirl1_immobile_normal
えっ？,Heroin,VillageGirlQuest_GiveItem,Heroin_flexible_troubled
"あのお姉さんを捕まえればぁ……
食べ物、もらえるんですよねぇ……。",SnowVillageGirl1,HeroineCaptured,SnowVillageGirl1_immobile_normal
ま、待って。何の話をしてるの？,Heroin,HeroineCaptured,Heroin_flexible_anxious
"そうよぉ……あの子を捕まえれば、
もっと食べられるってぇ……。",SnowVillageWoman1,HeroineCaptured,
待ってください。落ち着いて――。,Heroin,HeroineCaptured,Heroin_flexible_anxious
きゃっ！？,Heroin,HeroineCaptured,Heroin_flexible_surprised
あっ……お姉ちゃん、そっちは通れないよぉ……。,SnowVillageGirl2,HeroineCaptured,SnowVillageGirl2_immobile_normal
えっ、ちょ、ちょっと――！,Heroin,HeroineCaptured,Heroin_flexible_anxious
おいしいですぅ……もっと、もっと食べたいですぅ……。,SnowVillageGirl1,HeroineCaptured,SnowVillageGirl1_immobile_normal
うぅ……縄まで……。これじゃ動けないよ。,Heroin,HeroineCaptured,Heroin_flexible_troubled
お姉ちゃん……ごめんねぇ……。,SnowVillageGirl2,HeroineCaptured,SnowVillageGirl2_immobile_normal
えっ？,Heroin,HeroineCaptured,Heroin_flexible_troubled
"わたしがぁ……食べるものほしいって頼んだからぁ……。
余計なことしちゃったぁ……。",SnowVillageGirl2,HeroineCaptured,SnowVillageGirl2_immobile_normal
ううん。あなたのせいじゃないよ。,Heroin,HeroineCaptured,Heroin_flexible_smile
この縄、取ってあげたいのにぃ……手が届かないよぉ……。,SnowVillageGirl2,HeroineCaptured,SnowVillageGirl2_immobile_normal
私も腕を動かせないし……。どうしよう。,Heroin,HeroineCaptured,Heroin_flexible_troubled
んー……。,SnowVillageGirl2,HeroineCaptured,SnowVillageGirl2_immobile_normal
"お姉ちゃんのお腹がもっと大きくなったらぁ……
縄、切れたりしないかなぁ……。",SnowVillageGirl2,HeroineCaptured,SnowVillageGirl2_immobile_normal
ええっ！？,Heroin,HeroineCaptured,Heroin_flexible_surprised
"いっぱい食べてぇ……
こう、ぐーって膨らませたらぁ……ぷちって。",SnowVillageGirl2,HeroineCaptured,SnowVillageGirl2_immobile_normal
そ、そんな方法……。,Heroin,HeroineCaptured,Heroin_flexible_troubled
でもぉ……ほかに外せそうなところ、ないよぉ……。,SnowVillageGirl2,HeroineCaptured,SnowVillageGirl2_immobile_normal
うぅ……そうなんだけど。,Heroin,HeroineCaptured,Heroin_flexible_troubled
お姉ちゃんが持ってきてくれたのぉ……たっくさんあるから…。,SnowVillageGirl2,HeroineCaptured,SnowVillageGirl2_immobile_normal
それを、私が食べるの……？,Heroin,HeroineCaptured,Heroin_flexible_troubled
うん……。わたしが食べさせるよぉ……。,SnowVillageGirl2,HeroineCaptured,SnowVillageGirl2_immobile_normal
じゃあ、お姉ちゃん……あーんしてぇ……。,SnowVillageGirl2,HeroineCaptured,SnowVillageGirl2_immobile_normal
うぅ……本当にこれでいいのかな。じゃあ、お願い。,Heroin,RestraintEscapeAction1_Yes,Heroin_flexible_normal
はい、あーん……。,SnowVillageGirl2,RestraintEscapeAction1_Yes,SnowVillageGirl2_immobile_normal
もぐ、もぐ。,narrative,RestraintEscapeAction1_Yes,
"ん……。こうやって食べさせてもらうの、
ちょっと恥ずかしいよ。",Heroin,RestraintEscapeAction1_Yes,Heroin_flexible_blush
でもぉ、ちゃんと食べられたよぉ……。,SnowVillageGirl2,RestraintEscapeAction1_Yes,SnowVillageGirl2_immobile_normal
うん。でも、本当にこれで縄が外れるのかな……。,Heroin,RestraintEscapeAction1_Yes,Heroin_flexible_troubled
お姉ちゃん、次もいくよぉ……。,SnowVillageGirl2,RestraintEscapeAction1_Yes,SnowVillageGirl2_immobile_normal
やっぱり、ちょっと待って。まだ心の準備が……。,Heroin,RestraintEscapeAction1_No,Heroin_flexible_anxious
でもぉ、このままだとずっと動けないよぉ……。,SnowVillageGirl2,RestraintEscapeAction1_No,SnowVillageGirl2_immobile_normal
うぅ……それは困るけど。,Heroin,RestraintEscapeAction1_No,Heroin_flexible_troubled
じゃあ、もう一回……あーん。,SnowVillageGirl2,RestraintEscapeAction1_No,SnowVillageGirl2_immobile_normal
"さっきより縄がきつくなった気がする。
もしかして、本当に効いてるのかな。",Heroin,RestraintEscapeAction2_Yes,Heroin_flexible_troubled
じゃあ、もうちょっと食べれば外れるかもぉ……。あーん。,SnowVillageGirl2,RestraintEscapeAction2_Yes,SnowVillageGirl2_immobile_normal
"ふぅ……。
こんな方法で脱出しようとしてるなんて、なんだか複雑かも。",Heroin,RestraintEscapeAction2_Yes,Heroin_flexible_troubled
お姉ちゃん、ちょっとずつ大きくなってるよぉ……。,SnowVillageGirl2,RestraintEscapeAction2_Yes,SnowVillageGirl2_immobile_normal
そ、そういうことは言わなくていいよ。,Heroin,RestraintEscapeAction2_Yes,Heroin_flexible_blush
えへへ……ごめんねぇ……。,SnowVillageGirl2,RestraintEscapeAction2_Yes,SnowVillageGirl2_immobile_normal
あとちょっとな気がするぅ……。これも食べてみよぉ……,SnowVillageGirl2,RestraintEscapeAction2_Yes,SnowVillageGirl2_immobile_normal
"これ以上食べたら、
本当にもっと大きくなっちゃいそうで……。",Heroin,RestraintEscapeAction2_No,Heroin_flexible_troubled
でもぉ、縄もさっきよりきつそうだよぉ……。,SnowVillageGirl2,RestraintEscapeAction2_No,SnowVillageGirl2_immobile_normal
それを見ると、やめるわけにもいかないよね……。,Heroin,RestraintEscapeAction2_No,Heroin_flexible_serious
うん……じゃあ、あーん。,SnowVillageGirl2,RestraintEscapeAction2_No,SnowVillageGirl2_immobile_normal
ここまで来たなら、やるしかないよね。お願い。,Heroin,RestraintEscapeAction3_Yes,Heroin_flexible_serious
うん。今度こそいけるかもぉ……あーん。,SnowVillageGirl2,RestraintEscapeAction3_Yes,SnowVillageGirl2_immobile_normal
もぐ……ごくん。,narrative,RestraintEscapeAction3_Yes,
はぁ……。もうかなり苦しいけど、縄もすごく張ってる。,Heroin,RestraintEscapeAction3_Yes,Heroin_flexible_troubled
ほんとだぁ……。もう少しで切れそうだよぉ……。,SnowVillageGirl2,RestraintEscapeAction3_Yes,SnowVillageGirl2_immobile_normal
"こんなに食べることになるなんて思わなかったけど……
もう少しだけ頑張ろう。",Heroin,RestraintEscapeAction3_Yes,Heroin_flexible_serious
うん。お姉ちゃん、あとちょっとぉ……。,SnowVillageGirl2,RestraintEscapeAction3_Yes,SnowVillageGirl2_immobile_normal
うぅ……さすがに、もうお腹いっぱいかも。,Heroin,RestraintEscapeAction3_No,Heroin_flexible_troubled
でもぉ、縄、もうすごくぴんってなってるよぉ……。,SnowVillageGirl2,RestraintEscapeAction3_No,SnowVillageGirl2_immobile_normal
それなら、あと少しだけ頑張った方がいいのかな……。,Heroin,RestraintEscapeAction3_No,Heroin_flexible_troubled
うん……最後に、あーん。,SnowVillageGirl2,RestraintEscapeAction3_No,SnowVillageGirl2_immobile_normal
ぶちっ！,narrative,RestraintEscapeComplete,
きゃっ！ほ、本当に切れた……。,Heroin,RestraintEscapeComplete,Heroin_flexible_surprised
わぁぁ……！　お姉ちゃん、すごいぃ……！,SnowVillageGirl2,RestraintEscapeComplete,SnowVillageGirl2_immobile_normal
"ふふ……ありがとう。
あなたが考えてくれなかったら、
ずっと動けないままだったかも。",Heroin,RestraintEscapeComplete,Heroin_flexible_smile
わたしも楽しかったよぉ……。またやろうねぇ……。,SnowVillageGirl2,RestraintEscapeComplete,SnowVillageGirl2_immobile_normal
えっ！？　そ、それはもう十分かな……。,Heroin,RestraintEscapeComplete,Heroin_flexible_surprised
そっかぁ……。,SnowVillageGirl2,RestraintEscapeComplete,SnowVillageGirl2_immobile_normal
お姉ちゃん……みんなのこと、助けてほしいぃ……。,SnowVillageGirl2,RestraintEscapeComplete,SnowVillageGirl2_immobile_normal
うん。今度こそ、何が起きてるのかちゃんと突き止める。,Heroin,RestraintEscapeComplete,Heroin_flexible_serious
待ってて。私、行ってくるね。,Heroin,RestraintEscapeComplete,Heroin_flexible_serious
ノエリ。,Fabo,ReunitedWithRobot,
無事を確認しました。合流できて何よりです。,Fabo,ReunitedWithRobot,
よかった……。ずっとどこにいるのか心配してたんだよ。,Heroin,ReunitedWithRobot,Heroin_flexible_smile
"私もノエリの位置を探索していましたが、
地下では通信と索敵に大きな障害が発生していました。",Fabo,ReunitedWithRobot,
そっか。いろいろあったけど、今はもう大丈夫。,Heroin,ReunitedWithRobot,Heroin_flexible_smile
了解しました。では、改めて行動を共にします。,Fabo,ReunitedWithRobot,
"前方に強い反応を検知しました。
この先は十分に警戒して進んでください。",Fabo,BeforeChapter3BossBattle,
"普通に食べてもらうだけだと、
どうしても摂取量に限界がある。",SnowVillageBoy2,Chapter3BossAppear,
"地上の個体群みたいに、
空腹感を強くする方法も悪くなかったけど……
やっぱり、これが一番効率がいいみたいだね。",SnowVillageBoy2,Chapter3BossAppear,
その声……！,Heroin,Chapter3BossAppear,Heroin_flexible_surprised
"うん。到着時間もほとんど計算通りだね。
地上の個体群に少し足止めしてもらって正解だったよ。",SnowVillageBoy2,Chapter3BossAppear,
やっぱり、村のみんなに何かしたの……？,Heroin,Chapter3BossAppear,Heroin_flexible_serious
まあ、その話はあとでいいよ。,SnowVillageBoy2,Chapter3BossAppear,
メルサさんを助けに来たの。どこにいるの？,Heroin,Chapter3BossAppear,Heroin_flexible_serious
どこって、君の目の前にいるじゃないか。,SnowVillageBoy2,Chapter3BossAppear,
えっ……？,Heroin,Chapter3BossAppear,Heroin_flexible_troubled
"ああ。暗くて見えてないのか。
それなら、少し明るくしようか。",SnowVillageBoy2,Chapter3BossAppear,
メ、メルサさん……！？,Heroin,Chapter3BossAppear,Heroin_flexible_surprised
んぐっ……！　んんっ……！,Apothecary,Chapter3BossAppear,Apothecary_immobile_normal
メルサさん！　聞こえますか！？,Heroin,Chapter3BossAppear,Heroin_flexible_anxious
んんっ……！　んぐっ……！,Apothecary,Chapter3BossAppear,Apothecary_immobile_normal
よかった……意識はあるんですね。,Heroin,Chapter3BossAppear,Heroin_flexible_normal
"うん。生体反応も安定してるし、
今のところ問題はないよ。",SnowVillageBoy2,Chapter3BossAppear,
問題ないって……こんなことをしておいて……！,Heroin,Chapter3BossAppear,Heroin_flexible_angry
"そういえば、まだ名乗ってなかったね。
僕はクラフ。改めてよろしくね。",Executor,Chapter3BossAppear,Executor_normal_normal
……クラフ。,Heroin,Chapter3BossAppear,Heroin_flexible_serious
"そんなに睨まなくてもいいのに。
まあ、せっかくだから、君たちに
何を摂取させてたのかくらいは教えておこうかな。",Executor,Chapter3BossAppear,Executor_normal_normal
食べてたもの……？,Heroin,Chapter3BossAppear,Heroin_flexible_troubled
"あの個体が作ってた、植物の成長を促進する薬。
あれを少し組み替えて、
生体に作用するようにしたんだ。",Executor,Chapter3BossAppear,Executor_normal_normal
メルサさんの薬を……？,Heroin,Chapter3BossAppear,Heroin_flexible_surprised
"うん。地上の個体群にも、
君たちに与えた試料にも混ぜておいたよ。",Executor,Chapter3BossAppear,Executor_normal_normal
じゃあ、村のみんながおかしくなったのも……。,Heroin,Chapter3BossAppear,Heroin_flexible_troubled
"その結果だね。
僕はこの分野には疎いから、
あの個体に作らせたのは正解だったよ。",Executor,Chapter3BossAppear,Executor_normal_normal
"村のみんなを巻き込んで、
メルサさんまでこんな姿にして
……何がしたいの？",Heroin,Chapter3BossAppear,Heroin_flexible_angry
魔力を蓄えておきたかったんだ。,Executor,Chapter3BossAppear,Executor_normal_normal
魔力を……？,Heroin,Chapter3BossAppear,Heroin_flexible_troubled
"人間の中で、大量の魔力を保持できるのは
特定の性別個体だけだからね。
転移みたいな術式を使えるのも、その性質のおかげ。",Executor,Chapter3BossAppear,Executor_normal_normal
だからって、人を利用していい理由にはならないよ！,Heroin,Chapter3BossAppear,Heroin_flexible_angry
んー……そういう話をしてるわけじゃないんだけどな。,Executor,Chapter3BossAppear,Executor_normal_normal
"必要なときに魔力を蓄えて、必要になったら取り出す。
機能だけ見れば、優秀な容器でしょ。",Executor,Chapter3BossAppear,Executor_normal_normal
容器って……！　人をそんなふうに扱わないで！,Heroin,Chapter3BossAppear,Heroin_flexible_angry
"まあ、君がどう思うかは別にいいよ。
それで、もっと蓄えたいなら、容量も増やせばいい。",Executor,Chapter3BossAppear,Executor_normal_normal
だから……体まで大きくしたの？,Heroin,Chapter3BossAppear,Heroin_flexible_troubled
"うん。今のところ、それが一番安定してる。
君も似たような仕組みを見たことがあるんじゃない？",Executor,Chapter3BossAppear,Executor_normal_normal
似たような……まさか、砂漠の巫女たち……？,Heroin,Chapter3BossAppear,Heroin_flexible_surprised
"ああ……蒼儡機を倒してたんだ。
ちゃんと稼働してたはずなのに……
へえ。君、思ってたよりずっと強いんだね。",Executor,Chapter3BossAppear,Executor_normal_normal
だったら、ちょうどいいや。,Executor,Chapter3BossAppear,Executor_normal_normal
えっ？,Heroin,Chapter3BossAppear,Heroin_flexible_troubled
"先にこっちの実用試験を済ませよう。
君を使えば、戦闘時のデータも取れそうだし。",Executor,Chapter3BossAppear,Executor_normal_normal
実用試験……？,Heroin,Chapter3BossAppear,Heroin_flexible_troubled
"村の周辺であれだけ破壊が起きてたのに、
誰もこいつの姿を見てない。",Executor,Chapter3BossAppear,Executor_normal_normal
まさか……あれをやったのも……。,Heroin,Chapter3BossAppear,Heroin_flexible_surprised
"うん。こいつ、速い代わりに長く動かせないんだ。
だから今までは、必要なときだけ起動してた。",Executor,Chapter3BossAppear,Executor_normal_normal
じゃあ、橋を壊したのも……。,Heroin,Chapter3BossAppear,Heroin_flexible_surprised
そういうこと。でも、今回は条件が違うよ。,Executor,Chapter3BossAppear,Executor_normal_normal
なにせ――供給個体がいるからね。,Executor,Chapter3BossAppear,Executor_normal_normal
んぐっ……！　んんっ……！,Apothecary,Chapter3BossAppear,Apothecary_immobile_normal
"メルサさん……！
やめて！　
メルサさんをそんなことに使わないで！",Heroin,Chapter3BossAppear,Heroin_flexible_angry
"もう接続は済んでるよ。
今度は、以前よりずっと長く動かせるはずだ。",Executor,Chapter3BossAppear,Executor_normal_normal
それじゃあ――。,Executor,Chapter3BossAppear,Executor_normal_normal
実用試験を始めようか。,Executor,Chapter3BossAppear,Executor_normal_triumphant
……っ！,Heroin,Chapter3BossAppear,Heroin_flexible_surprised
"せっかくここまで準備したんだし……
あんまり早く倒れないでね。",Executor,Chapter3BossAppear,Executor_normal_normal
警告。前方から攻撃が来ます！,Fabo,Chapter3BossAppear,
えっ――！,Heroin,Chapter3BossAppear,Heroin_flexible_surprised
うおりゃあああっ！,???,Chapter3BossAppear,
ガドさん！？,Heroin,Chapter3BossAppear,Heroin_flexible_surprised
よっと……。悪ぃな、ノエリ。ちょっと遅くなった。,Hero,Chapter3BossAppear,Hero_normal_normal
……へえ。本当に生きてたんだね。,Executor,Chapter3BossAppear,Executor_normal_normal
"勝手に殺すな。
穴掘って、出口を探すのに手間取っただけだ。",Hero,Chapter3BossAppear,Hero_normal_normal
"ふーん。あれでも動けるんだ。
思ってたより丈夫だね。",Executor,Chapter3BossAppear,Executor_normal_normal
そりゃどうも。お褒めにあずかり光栄だな。,Hero,Chapter3BossAppear,Hero_normal_normal
"……って、おい。あそこにいるの……
まさか、メルサか？",Hero,Chapter3BossAppear,Hero_normal_normal
んんっ……！　んぐっ……！,Apothecary,Chapter3BossAppear,Apothecary_immobile_normal
……お前、何しやがった。,Hero,Chapter3BossAppear,Hero_normal_normal
"クラフが、メルサさんを実験に使ってるんです。
村の周りを荒らしてたのも、橋を壊したのも……
目の前のあれがやったことで。",Heroin,Chapter3BossAppear,Heroin_flexible_serious
……なるほどな。だったら、やることは決まった。,Hero,Chapter3BossAppear,Hero_normal_thinking
"こいつをぶっ倒して、メルサを助けて、村を戻す。
それで終わりだ。",Hero,Chapter3BossAppear,Hero_normal_normal
"いいね。予定外の個体まで増えたし、
さっきより面白いデータが取れそうだ。",Executor,Chapter3BossAppear,Executor_normal_normal
こっちはお前のお遊びに付き合う気はねぇぞ。,Hero,Chapter3BossAppear,Hero_normal_normal
"んー……呼び方は何でもいいよ。
必要な結果が取れれば、それでいいから。",Executor,Chapter3BossAppear,Executor_normal_normal
"……ただ、ここだと少しデータが取りにくいな。
空間を変えようか。",Executor,Chapter3BossAppear,Executor_normal_normal
ここは……？,Heroin,Chapter3BossAppear,Heroin_flexible_troubled
"こっちの方が見やすいでしょ。
それで……この状況をどうにか出来ると思ってるの？",Executor,Chapter3BossAppear,Executor_normal_normal
"そんなの知らねぇよ。
引き受けた仕事は、最後までやり遂げる――
それが俺の仕事だ。",Hero,Chapter3BossAppear,Hero_normal_normal
……そっか。まあ、面白いデータを期待しているよ。,Executor,Chapter3BossAppear,Executor_normal_normal
待って！,Heroin,Chapter3BossAppear,Heroin_flexible_anxious
"あいつは後だ、ノエリ。
まずは目の前のこいつを止めるぞ。",Hero,Chapter3BossAppear,Hero_normal_normal
力を貸してくれ。,Hero,Chapter3BossAppear,Hero_normal_normal
行くぞ、ノエリ！,Hero,Chapter3BossAppear,Hero_normal_normal
はい！,Heroin,Chapter3BossAppear,Heroin_flexible_serious